Hora,T1,T2,T3,Pressao,Empuxo,Falhas
14:15:02,2500,3225,3300,130,-6,1
14:15:02,2550,0,3300,0,-6,2
14:15:02,2550,0,3250,0,-6,2
14:15:03,2500,0,3275,0,-7,2
14:15:03,2525,0,3275,5,-6,2
14:15:03,2575,0,3275,0,-7,2
14:15:03,2500,0,3275,0,-7,2
14:15:04,2525,0,3275,0,-6,2
14:15:04,2575,0,3275,0,-7,2
14:15:04,2550,0,3325,110,-7,2
14:15:05,2500,0,3275,0,-7,3
14:15:05,2525,0,3275,48,-7,3
14:15:05,2575,0,3275,0,-7,3
14:15:05,2575,0,3275,0,-7,3
14:15:06,2575,0,3225,0,-7,3
14:15:06,2500,0,3300,130,-7,3
14:15:06,2575,0,3250,69,-7,3
14:15:07,2550,0,3250,0,-7,3
14:15:07,2575,0,3200,0,-7,3
14:15:07,2500,0,3225,27,-7,4
14:15:07,2500,0,3300,27,-7,4
14:15:08,2475,0,3300,0,-7,4
14:15:08,2500,0,3275,0,-7,4
14:15:08,2525,0,3250,0,-7,4
14:15:08,2575,0,3275,90,-7,4
14:15:09,2550,0,3200,130,-7,4
14:15:09,2550,0,3250,0,-7,4
14:15:09,2500,0,3275,150,-7,4
14:15:10,2575,-18186,3225,90,-7,4
14:15:10,2550,2500,3300,27,-7,4
14:15:10,2475,2475,3300,0,-7,4
14:15:10,2550,2500,3275,0,-7,4
14:15:11,2550,2450,3275,0,-7,5
14:15:11,2500,2475,3250,27,-7,6
14:15:11,2525,2500,3300,0,-7,6
14:15:12,2550,2500,3250,110,-7,6
14:15:12,2525,2475,3225,0,-7,6
14:15:12,2575,2475,3275,0,-7,6
14:15:12,2525,2500,3300,0,-7,6
14:15:13,2525,2500,3250,110,-7,6
14:15:13,2550,2450,3250,90,-7,6
14:15:13,2575,2450,3275,110,-7,6
14:15:14,2525,2475,3275,0,-7,6
14:15:14,2575,2450,3275,169,-7,7
14:15:14,2550,2450,3275,0,-7,7
14:15:14,2550,2525,3275,0,-7,7
14:15:15,2525,2500,3275,27,-7,7
14:15:15,2550,2500,3275,0,-7,7
14:15:15,2550,2475,3250,0,-7,7
14:15:16,2550,2475,3275,0,-7,7
14:15:16,2550,2500,3275,150,-7,7
14:15:16,2550,2450,3300,48,-7,7
14:15:17,2550,2500,3250,0,-7,7
14:15:17,2550,2475,3250,0,-7,7
14:15:17,2575,2525,3275,0,-7,7
14:15:18,2550,2500,3300,0,-7,7
14:15:18,2500,0,3250,0,-11,7
14:15:18,2500,2650,3300,0,-423,7
14:15:18,2550,2675,3250,5,-491,7
14:15:19,2575,2625,3250,0,-496,7
14:15:19,2550,2775,3275,130,-497,7
14:15:19,2550,2700,3275,0,-499,7
14:15:19,2525,2725,3275,130,-498,7
14:15:20,2550,2725,3275,0,-498,7
14:15:20,2550,2675,3275,0,-497,7
14:15:20,2550,2650,3300,130,-497,7
14:15:21,2550,2675,3250,0,-498,7
14:15:21,2525,2650,3275,0,-496,7
14:15:21,2550,2675,3300,90,-497,7
14:15:21,2525,2650,3275,110,-499,7
14:15:22,2575,2675,3275,0,-500,7
14:15:22,2525,2675,3275,0,-501,7
14:15:22,2550,2650,3275,0,-502,7
14:15:23,2575,2675,3275,150,-502,7
14:15:23,2550,2675,3275,0,-502,7
14:15:23,2500,2700,3275,110,-502,7
14:15:23,2575,2675,3275,0,-501,7
14:15:24,2525,2675,3250,0,-501,7
14:15:24,2550,2700,3250,0,-501,7
14:15:24,2575,2675,3300,0,-500,7
14:15:24,2575,2650,3275,69,-497,7
14:15:25,2550,2625,3250,69,-499,7
14:15:25,2475,2675,3275,110,-510,7
14:15:25,2550,2650,3250,0,-512,7
14:15:26,2550,2675,3225,5,-512,7
14:15:26,2500,2625,3275,0,-513,7
14:15:26,2550,2650,3275,188,-513,7
14:15:26,2575,2575,3250,130,-512,7
14:15:27,2575,2650,3275,0,-513,7
14:15:27,2550,2650,3275,0,-513,7
14:15:27,2550,2750,3250,0,-492,8
14:15:28,2550,2775,3275,0,-497,8
14:15:28,2550,2775,3275,0,-511,8
14:15:28,2575,2875,3300,0,-509,8
14:15:28,2550,2550,3250,150,-542,8
14:15:29,2575,2475,3275,90,-673,8
14:15:29,2575,2500,3275,110,-676,8
14:15:29,2525,2500,3250,0,-702,9
14:15:29,2550,2525,3275,0,-711,9
14:15:30,2550,2525,3275,90,-716,9
14:15:30,2550,2550,3275,0,-711,9
14:15:30,2550,2475,3275,188,-678,9
14:15:31,2550,2475,3275,0,-557,9
14:15:31,2550,2600,3300,110,-556,9
14:15:31,2525,2525,3275,0,-687,9
14:15:31,2525,2500,3250,150,-717,9
14:15:32,2575,2550,3250,110,-709,9
14:15:32,2500,2550,3250,0,-717,9
14:15:32,2525,2575,3300,0,-724,9
14:15:33,2550,2500,3275,0,-725,9
14:15:33,2525,2600,3275,0,-728,9
14:15:33,2525,2525,3300,0,-734,9
14:15:33,2575,2575,3275,5,-744,9
14:15:34,2525,2525,3250,0,-617,9
14:15:34,2475,2600,3275,169,-557,9
14:15:34,2525,2575,3275,0,-557,9
14:15:35,2525,2575,3250,27,-557,9
14:15:35,2575,2525,3300,0,-557,9
14:15:35,2525,2575,3250,0,-567,9
14:15:35,2525,2575,3300,130,-753,9
14:15:36,2550,2500,3225,0,-776,9
14:15:36,2525,2600,3200,90,-776,9
14:15:36,2550,2500,3300,0,-784,9
14:15:36,2550,2575,3300,169,-791,9
14:15:37,2575,2600,3300,0,-788,9
14:15:37,2550,2575,3275,0,-786,9
14:15:37,2550,2575,3250,0,-802,9
14:15:37,2525,2600,3250,48,-805,9
14:15:38,2575,2575,3250,48,-810,9
14:15:38,2575,2525,3300,0,-815,9
14:15:38,2525,2550,3250,150,-820,9
14:15:39,2550,2525,3225,0,-816,9
14:15:39,2525,2550,3275,110,-818,9
14:15:39,2550,2550,3300,27,-819,9
14:15:39,2550,2575,3300,0,-819,9
14:15:40,2550,2550,3300,0,-816,9
14:15:40,2525,2525,3300,0,-811,9
14:15:40,2575,2500,3275,0,-815,9
14:15:41,2575,2500,3275,0,-820,9
14:15:41,2525,2550,3275,0,-817,10
14:15:41,2575,2600,3275,150,-811,10
14:15:41,2550,2575,3300,0,-804,10
14:15:42,2550,2575,3275,110,-802,10
14:15:42,2550,2550,3275,90,-796,10
14:15:42,2550,2525,3275,27,-792,10
14:15:43,2600,2525,3300,150,-791,10
14:15:43,2550,2575,3225,0,-787,10
14:15:43,2525,2525,3300,0,-791,10
14:15:43,2525,2550,3300,0,-787,10
14:15:44,2575,2575,3275,0,-744,10
14:15:44,2575,2575,3275,0,-556,10
14:15:44,2550,2550,3275,150,-589,10
14:15:45,2550,2525,3225,27,-647,10
14:15:45,2550,2500,3300,90,-689,10
14:15:45,2550,2575,3300,0,-725,11
14:15:45,2575,2550,3300,0,-771,11
14:15:46,2550,2575,3300,0,-487,11
14:15:46,2550,2500,3300,0,170,11
14:15:46,2550,2475,3250,0,168,11
14:15:47,2525,2550,3300,130,168,11
14:15:47,2550,2575,3300,27,-242,11
14:15:47,2575,2525,3300,0,-546,11
14:15:47,2525,2575,3300,48,-560,11
14:15:48,2575,2550,3300,0,-561,11
14:15:48,2525,2525,3300,0,-560,11
14:15:48,2500,2575,3275,130,-561,11
14:15:48,2550,2525,3300,5,-561,11
14:15:49,2550,2525,3300,130,-560,11
14:15:49,2575,2550,3250,0,-561,11
14:15:49,2550,2600,3300,0,-561,11
14:15:50,2550,2600,3325,0,-561,11
14:15:50,2550,2550,3300,0,-561,11
14:15:50,2550,2600,3300,0,-561,11
14:15:51,2525,2550,3300,0,-561,11
14:15:51,2525,2550,3275,0,-561,11
14:15:51,2525,2575,3300,130,-562,11
14:15:51,2525,2600,3275,0,-29,11
14:15:52,2525,2625,3250,0,-553,11
14:15:52,2550,2500,3325,169,-554,11
14:15:52,2525,2675,3325,0,-563,12
14:15:52,2550,2650,3325,27,-563,12
14:15:53,2600,2600,3275,0,-563,12
14:15:53,2600,2625,3325,0,-563,12
14:15:53,2525,2650,3300,0,-575,12
14:15:53,2550,3975,3300,150,-756,12
14:15:54,2500,0,3275,0,-581,12
14:15:54,2525,0,3250,0,-291,12
14:15:54,2525,0,3300,27,77,12
14:15:54,2550,0,3225,0,35,12
14:15:55,2575,0,3250,0,23,12
14:15:55,2550,0,3300,69,16,12
14:15:55,2525,4875,3300,0,11,12
14:15:56,2550,0,3275,0,8,12
14:15:56,2525,0,3275,169,4,12
14:15:56,2525,0,3300,90,2,12
14:15:57,2525,0,3250,0,1,12
14:15:57,2500,0,3275,0,0,12
14:15:57,2550,0,3275,0,-1,12
14:15:57,2575,0,3275,27,-1,12
14:15:58,2575,0,3250,0,-2,12
14:15:58,2550,0,3275,130,-3,12
14:15:58,2550,0,3250,27,-3,12
14:15:59,2525,0,3275,0,-4,12
14:15:59,2525,0,3275,169,-4,12
14:15:59,2550,0,3275,0,-5,12
14:15:59,2550,0,3300,0,-5,12
14:16:00,2550,0,3250,0,-5,12
14:16:00,2500,0,3275,69,-5,12
14:16:00,2550,0,3300,0,-6,13
14:16:01,2525,0,3275,48,-6,13
14:16:01,2575,0,3275,0,-6,13
14:16:01,2525,0,3275,0,-6,13
14:16:01,2550,0,3275,0,-6,13
14:16:02,2575,0,3325,0,-6,13
14:16:02,2575,0,3275,0,-6,13
14:16:02,2575,0,3275,0,-6,13
14:16:02,2550,0,3250,0,-6,13
14:16:03,2550,0,3300,0,-6,13
14:16:03,2575,0,3275,0,-6,13
14:16:03,2575,0,3296,0,-6,13
14:16:04,2550,0,3275,0,-6,14
14:16:04,2550,0,3300,48,-6,14
14:16:04,2500,0,3225,0,-6,14
14:16:04,2550,0,3275,0,-7,14
14:16:05,2575,0,3275,0,-6,14
14:16:05,2575,0,3275,0,-7,14
14:16:05,2550,0,3275,0,-7,15
14:16:06,2550,0,3275,48,-7,15
14:16:06,2575,0,3275,169,-7,15
14:16:06,2550,0,3275,0,-582,15
14:16:06,2550,0,3300,0,55,16
14:16:07,2575,0,3275,0,34,16
14:16:07,2525,0,3250,0,23,16
14:16:07,2575,0,3250,150,14,16
14:16:07,2500,0,3250,0,10,16
14:16:08,2550,0,3250,0,7,16
14:16:08,2550,0,3275,0,4,16
14:16:08,2525,0,3300,0,2,16
14:16:09,2525,0,3225,0,0,16
14:16:09,2600,0,3275,130,0,16
14:16:09,2575,0,3275,169,-1,16
14:16:09,2575,0,3275,0,-2,17
14:16:10,2550,0,3275,0,-3,17
14:16:10,2525,0,3275,0,-3,17
14:16:10,2550,0,3225,0,-4,17
14:16:10,2525,0,3275,169,-5,18
14:16:11,2550,0,3250,0,-5,18
14:16:11,2550,0,3250,0,-5,18
14:16:11,2575,0,3250,5,-5,18
14:16:11,2575,0,3275,0,-6,19
14:16:12,2575,0,3250,0,-6,19
14:16:12,2575,0,3275,0,-6,19
14:16:12,2550,0,3250,0,-6,19
14:16:13,2550,2475,3250,0,-6,20
14:16:13,2550,2425,3250,5,-6,20
14:16:13,2575,2450,3275,110,-6,20
14:16:13,2525,2425,3275,0,-6,20
14:16:14,2525,26275,3250,110,-6,20
14:16:14,2550,24539,3250,0,-6,20
14:16:14,2575,2600,3275,110,-6,20
14:16:15,2600,2750,3275,110,-6,20
14:16:15,2500,0,3275,27,-7,21
14:16:15,2500,0,3250,0,-6,21
14:16:15,2575,2425,3275,0,-6,21
14:16:16,2575,2475,3275,169,-7,21
14:16:16,2575,2450,3225,0,-7,21
14:16:16,2500,2475,3275,90,-7,21
14:16:17,2575,2450,3250,0,-7,21
14:16:17,2575,2475,3275,0,-6,21
14:16:17,2525,2450,3250,0,-7,21
14:16:18,2575,2475,3275,0,-7,21
14:16:18,2575,2475,3275,48,-7,22
14:16:18,2600,2450,3275,0,-7,22
14:16:18,2550,2450,3275,0,-7,22
14:16:19,2575,2450,3250,0,-6,22
14:16:19,2600,2475,3275,90,-7,22
14:16:19,2550,2500,3275,0,-7,22
14:16:20,2575,3714,3225,0,-7,22
14:16:20,2550,0,3225,0,-7,22
14:16:20,2600,2525,3250,0,-7,22
14:16:20,2550,3400,3275,0,-58,22
14:16:21,2550,2400,3250,110,64,22
14:16:21,2550,2500,3275,150,25,23
14:16:21,2525,2450,3250,0,18,23
14:16:22,2550,2475,3275,0,13,23
14:16:22,2475,2425,3275,0,7,23
14:16:22,2550,2475,3250,0,4,23
14:16:22,2550,2475,3275,0,3,23
14:16:23,2525,0,3200,0,1,23
14:16:23,2575,0,3200,150,0,23
14:16:23,2600,0,3275,0,-1,23
14:16:24,2600,3450,3275,0,-1,23
14:16:24,2575,2500,3225,5,-2,23
14:16:24,2575,2475,3225,0,-3,23
14:16:24,2550,2450,3250,90,-111,23
14:16:25,2525,2450,3275,0,-940,23
14:16:25,2575,2500,3275,69,-990,23
14:16:25,2575,2500,3250,69,-986,23
14:16:26,2575,2450,3225,0,-662,23
14:16:26,2550,2475,3225,0,-516,23
14:16:26,2550,2400,3275,0,-518,23
14:16:27,2575,2450,3275,0,-518,23
14:16:27,2600,2450,3250,169,-518,23
14:16:27,2525,2500,3275,0,-516,23
14:16:27,2575,2475,3250,110,-517,24
14:16:28,2525,2500,3225,130,-517,24
14:16:28,2575,2450,3250,0,-517,24
14:16:28,2525,2475,3250,69,-517,24
14:16:28,2575,2500,3200,0,-518,24
14:16:29,2550,2475,3250,0,-472,24
14:16:29,2575,2500,3225,0,-470,24
14:16:29,2575,2500,3300,169,-470,24
14:16:29,2550,2525,3250,130,-467,24
14:16:30,2575,2475,3250,0,-462,24
14:16:30,2525,2450,3250,27,-474,24
14:16:30,2600,2475,3275,0,-489,24
14:16:31,2575,2525,3250,0,-490,24
14:16:31,2575,2525,3250,0,-493,24
14:16:31,2575,2500,3225,110,-493,24
14:16:31,2600,2475,3250,0,-490,24
14:16:32,2575,2475,3225,0,-492,24
14:16:32,2575,0,3250,0,-492,24
14:16:32,2575,0,3250,5,-490,24
14:16:32,2575,2650,3225,0,-491,25
14:16:33,2525,2800,3275,0,-489,25
14:16:33,2575,2575,3225,0,-482,25
14:16:33,2550,2600,3250,27,-498,25
14:16:34,2575,2600,3225,0,-498,25
14:16:34,2600,2600,3225,150,-502,25
14:16:34,2575,2600,3250,69,-505,25
14:16:34,2550,2600,3250,0,-501,25
14:16:35,2575,2575,3275,90,-494,26
14:16:35,2550,2550,3250,0,-492,26
14:16:35,2625,2575,3275,0,-493,26
14:16:36,2575,2625,3200,27,-454,26
14:16:36,2600,2600,3250,0,-411,26
14:16:36,2550,2600,3225,0,-399,26
14:16:36,2600,2650,3250,0,-438,26
14:16:37,2550,2575,3250,0,-451,26
14:16:37,2600,2600,3250,0,-460,26
14:16:37,2600,2575,3225,169,-496,26
14:16:38,2575,2625,3250,90,-490,26
14:16:38,2625,2600,3225,0,-483,26
14:16:38,2600,2625,3250,0,-476,26
14:16:38,2600,2625,3200,0,-463,26
14:16:39,2550,2625,3250,0,-385,26
14:16:39,2600,2600,3250,27,-455,27
14:16:39,2600,2575,3275,0,-451,27
14:16:40,2600,2650,3250,150,-448,27
14:16:40,2550,2650,3250,130,-442,27
14:16:40,2600,2625,3250,0,-441,27
14:16:40,2600,2650,3275,130,-451,27
14:16:41,2625,2625,3275,48,-469,27
14:16:41,2625,2625,3275,110,-463,27
14:16:41,2575,2625,3224,150,-407,27
14:16:42,2525,2625,3250,150,-397,27
14:16:42,2575,2650,3250,0,-400,27
14:16:42,2575,2600,3250,0,-412,27
14:16:42,2600,2650,3250,0,-348,27
14:16:43,2600,2625,3275,0,-357,27
14:16:43,2600,2600,3250,0,-375,27
14:16:43,2600,2600,3275,110,-111,27
14:16:43,2625,2650,3225,0,-16,27
14:16:44,2600,2600,3275,0,0,27
14:16:44,2575,2625,3225,0,38,27
14:16:44,2575,2650,3250,150,102,28
14:16:45,2600,2575,3250,0,42,28
14:16:45,2625,2650,3250,150,27,28
14:16:45,2625,2675,3200,0,35,28
14:16:45,2625,2650,3250,169,101,28
14:16:45,2625,2650,3250,0,62,28
14:16:46,2575,2650,3225,130,30,28
14:16:46,2600,2625,3225,0,21,28
14:16:46,2600,2600,3250,0,15,28
14:16:47,2600,2625,3275,0,10,28
14:16:47,2600,2625,3225,0,6,28
14:16:47,2575,2650,3200,0,3,28
14:16:47,2600,2675,3250,0,0,30
14:16:48,2600,2600,3275,110,-1,30
14:16:48,2575,2650,3250,0,-2,30
14:16:48,2600,2600,3200,0,-3,30
14:16:49,2575,2675,3250,0,-3,30
14:16:49,2625,2650,3200,0,-4,30
14:16:49,2650,2675,3225,169,-4,30
14:16:49,2600,2650,3200,0,-4,30
14:16:50,2575,2575,3275,0,-5,30
14:16:50,2600,2675,3275,0,-4,30
14:16:50,2650,2600,3225,0,-5,30
14:16:51,2625,2650,3275,0,-5,30
14:16:51,2600,2650,3275,130,-5,30
14:16:51,2575,2650,3250,0,-5,30
14:16:51,2600,2600,3275,130,-6,30
14:16:52,2625,2625,3250,0,-6,30
14:16:52,2625,2650,3200,0,-6,31
14:16:52,2650,2650,3225,0,-6,31
14:16:53,2650,2675,3250,90,-6,31
14:16:53,2600,2575,3250,0,-6,32
14:16:53,2600,2625,3275,0,-6,32
14:16:53,2600,2600,3200,0,-7,33
14:16:54,2625,2650,3225,0,-6,33
14:16:54,2625,2675,3250,0,-6,33
14:16:54,2650,2675,3225,0,-7,33
14:16:54,2600,2625,3175,27,-6,33
14:16:55,2600,2650,3250,0,-6,33
14:16:55,2650,2675,3250,0,-7,33
14:16:55,2600,2650,3250,48,-6,33
14:16:56,2650,2650,3225,130,-7,33
14:16:56,2625,2625,3250,0,-6,33
14:16:56,2625,2600,3225,110,-6,33
14:16:57,2625,2675,3250,0,-7,33
14:16:57,2600,2600,3250,0,-7,33
14:16:57,2650,2600,3250,110,-7,33
14:16:57,2650,2650,3200,0,-7,33
14:16:58,2625,2675,3250,0,-7,33
14:16:58,2650,2650,3250,0,-7,33
14:16:58,2625,2650,3275,0,-7,33
14:16:58,2625,2650,3250,0,-6,33
14:16:59,2625,2550,3275,0,-6,33
14:16:59,2625,2625,3250,0,-7,33
14:16:59,2625,2650,3250,110,-6,33
14:17:00,2650,2675,3200,69,-7,33
14:17:00,2625,2625,3275,48,-7,33
14:17:00,2650,2650,3250,0,-7,33
14:17:00,2650,2675,3250,0,-7,33
14:17:01,2625,2675,3275,0,-7,33
14:17:01,2575,2650,3250,0,-7,33
14:17:01,2575,2675,3250,69,-6,33
14:17:02,2650,2650,3275,0,-7,33
14:17:02,2675,2650,3250,169,-7,33
14:17:02,2650,2650,3225,27,-7,34
14:17:02,2650,2600,3250,110,-7,34
14:17:02,2625,2625,3200,169,-7,34
14:17:03,2600,2650,3250,0,-7,34
14:17:03,2650,2650,3275,0,-6,34
14:17:03,2625,2650,3225,48,-6,34
14:17:04,2650,2625,3250,150,-7,34
14:17:04,2650,2625,3250,69,-7,34
14:17:04,2650,2675,3200,0,-7,34
14:17:04,2675,2650,3250,0,-7,34
14:17:05,2600,2675,3250,0,-6,34
14:17:05,2675,2675,3225,130,-7,34
14:17:05,2650,2575,3225,0,-7,34
14:17:06,2650,2625,3275,0,-7,34
14:17:06,2650,2650,3250,48,-7,34
14:17:06,2625,2625,3225,69,-7,35
14:17:06,2675,2650,3250,0,-7,35
14:17:07,2650,2650,3275,48,-7,35
14:17:07,2650,2550,3225,27,-6,35
14:17:07,2650,2625,3275,48,-7,36
14:17:08,2675,2650,3275,110,-7,36
14:17:08,2600,2625,3200,0,-7,36
14:17:08,2675,2625,3250,0,-7,36
14:17:08,2650,2625,3275,130,-7,36
14:17:09,2625,2650,3200,0,-7,36
14:17:09,2675,2650,3250,0,-7,36
14:17:09,2650,2625,3225,0,-7,37
14:17:10,2675,2650,3200,130,-7,37
14:17:10,2650,2650,3250,0,-7,37
14:17:10,2650,2650,3250,0,-7,37
14:17:10,2675,2650,3275,130,-7,37
14:17:11,2675,2625,3225,0,-7,37
14:17:11,2625,2650,3250,150,-7,37
14:17:11,2675,2650,3225,0,-7,37
14:17:12,2625,2650,3250,0,-7,37
14:17:12,2650,2650,3200,0,-7,38
14:17:12,2625,2625,3225,5,-7,39
14:17:12,2675,2650,3225,188,-7,39
14:17:13,2675,2650,3225,5,-7,39
14:17:13,2675,2650,3250,0,-7,40
14:17:13,2650,2625,3250,48,-7,40
14:17:14,2650,2650,3250,413,-7,40
14:17:14,2700,2625,3250,169,-7,40
14:17:14,2650,2650,3250,413,-7,40
14:17:14,2625,2600,3225,511,-7,40
14:17:15,2675,2650,3225,527,-7,40
14:17:15,2700,2650,3250,243,-7,40
14:17:15,2625,2650,3225,646,-7,40
14:17:16,2625,2625,3250,296,-7,40
14:17:16,2600,2575,3225,646,-7,40
14:17:16,2700,2650,3250,611,-7,40
14:17:16,2700,2650,3275,429,-7,40
14:17:17,2625,2625,3175,594,-7,40
14:17:17,2600,2625,3250,363,-7,40
14:17:17,2650,2650,3250,594,-7,40
14:17:18,2650,2650,3175,429,-7,40
14:17:18,2675,2650,3250,261,-7,40
14:17:18,2675,2600,3250,261,-7,40
14:17:18,2700,2650,3225,494,-7,41
14:17:19,2700,2650,3275,594,-7,41
14:17:19,2675,2650,3225,628,-7,41
14:17:19,2725,2600,3275,313,-7,41
14:17:19,2675,2650,3200,646,-7,41
14:17:20,2725,2650,3200,664,-7,41
14:17:20,2675,2650,3250,527,-7,41
14:17:20,2675,2600,3250,646,-7,41
14:17:20,2650,2650,3250,363,-7,41
14:17:21,2700,2650,3250,413,-6,41
14:17:21,2650,2600,3225,611,-7,41
14:17:21,2700,2650,3225,429,-7,41
14:17:22,2675,2650,3275,544,-7,41
14:17:22,2725,2600,3250,330,-7,41
14:17:22,2725,2650,3275,330,-7,41
14:17:22,2725,2650,3275,347,-6,41
14:17:23,2650,2625,3250,494,-7,41
14:17:23,2650,2650,3225,527,-7,41
14:17:23,2725,2650,3275,664,-7,41
14:17:24,2675,2550,3200,577,-7,41
14:17:24,2675,2600,3200,646,-7,41
14:17:24,2675,2625,3225,664,-6,41
14:17:24,2700,2600,3250,261,-7,41
14:17:25,2700,2650,3200,278,-7,41
14:17:25,2675,2650,3250,313,-7,41
14:17:25,2700,2650,3225,664,-7,41
14:17:26,2650,2650,3225,313,-7,41
14:17:26,2650,2650,3250,261,-7,41
14:17:26,2700,2650,3225,363,-7,41
14:17:26,2675,2600,3250,363,-6,41
14:17:27,2675,2650,3250,380,-7,41
14:17:27,2700,2600,3225,527,-7,43
14:17:27,2700,2650,3250,413,-7,43
14:17:28,2725,2650,3225,544,-7,44
14:17:28,2725,2625,3250,347,-7,46
14:17:28,2700,2650,3275,611,-7,47
14:17:28,2725,2625,3200,511,-7,47
14:17:29,2700,2650,3225,577,-6,48
14:17:29,2675,2600,3250,429,-7,48
14:17:29,2700,2650,3225,261,-7,48
14:17:29,2725,2625,3225,313,-7,48
14:17:30,2700,2625,3200,646,-6,48
14:17:30,2675,2625,3275,296,-7,48
14:17:30,2725,2625,3250,594,-6,49
14:17:31,2675,2600,3200,560,-7,49
14:17:31,2675,2575,3250,594,-7,49
14:17:31,2725,2600,3225,611,-7,50
14:17:31,2700,2625,3225,560,-7,51
14:17:32,2725,2625,3250,313,-7,51
14:17:32,2725,2625,3200,261,-7,51
14:17:32,2725,2650,3225,243,-7,51
14:17:33,2725,2650,3250,261,-7,51
14:17:33,2675,2625,3275,347,-7,51
14:17:33,2650,2625,3225,646,-7,51
14:17:33,2725,2650,3200,296,-7,51
14:17:34,2725,2650,3200,363,-7,52
14:17:34,2725,2625,3200,347,-7,52
14:17:34,2700,2625,3200,594,-7,52
14:17:35,2725,2650,3200,261,-7,52
14:17:35,2725,2600,3200,594,-7,52
14:17:35,2725,2525,3250,396,-7,52
14:17:35,2675,2650,3250,278,-7,52
14:17:36,2750,2650,3225,243,-7,52
14:17:36,2700,2575,3250,527,-7,52
14:17:36,2725,2650,3225,243,-7,52
14:17:36,2750,2625,3225,527,-7,52
14:17:37,2700,2575,3250,261,-7,52
14:17:37,2725,2625,3250,577,-7,52
14:17:37,2725,2625,3250,594,-7,52
14:17:37,2696,2600,3225,544,-15,52
14:17:38,2700,2650,3225,577,-7,52
14:17:38,2700,2600,3250,380,-7,52
14:17:38,2650,2650,3225,478,-7,52
14:17:39,2725,2600,3225,313,-7,52
14:17:39,2750,2550,3225,261,-7,52
14:17:39,2700,2625,3225,396,-7,52
14:17:39,2725,2650,3250,544,-7,52
14:17:40,2750,2600,3200,261,-6,52
14:17:40,2750,2600,3250,628,-7,52
14:17:40,2750,2625,3250,646,-7,52
14:17:41,2725,2575,3225,478,-6,52
14:17:41,2725,2575,3200,628,-7,52
14:17:41,2700,2600,3225,429,-7,52
14:17:41,2725,2625,3175,330,-7,52
14:17:42,2725,2650,3250,478,-6,52
14:17:42,2675,2625,3200,278,-7,52
14:17:42,2700,2625,3225,544,-7,52
14:17:43,2725,2650,3200,544,-7,52
14:17:43,2750,2625,3274,243,-7,52
14:17:43,2700,2600,3225,243,-7,52
14:17:43,2725,2625,3250,560,-6,52
14:17:44,2750,2650,3250,577,-7,52
14:17:44,2750,2575,3225,296,-7,52
14:17:44,2700,2625,3225,243,-7,52
14:17:45,2750,2650,3275,445,-6,52
14:17:45,2750,2600,3275,296,-7,52
14:17:45,2725,2625,3250,380,-6,52
14:17:45,2700,2600,3225,380,-7,52
14:17:46,2725,2625,3200,243,-7,52
14:17:46,2750,2575,3200,363,-7,52
14:17:46,2750,2625,3200,628,-7,52
14:17:47,2700,2625,3250,628,-7,52
14:17:47,2725,2625,3225,347,-7,52
14:17:47,2725,2625,3250,527,-7,52
14:17:47,2725,2625,3225,594,-7,53
14:17:48,2700,2625,3250,478,-7,53
14:17:48,2750,2625,3250,396,-7,53
14:17:48,2675,2650,3225,494,-7,54
14:17:49,2750,2625,3225,429,-6,54
14:17:49,2725,2600,3250,313,-7,54
14:17:49,2725,2625,3275,380,-7,54
14:17:49,2700,2575,3275,577,-7,54
14:17:50,2750,2625,3200,494,-7,54
14:17:50,2725,2600,3250,313,-7,54
14:17:50,2725,2650,3275,243,-7,54
14:17:50,2700,2625,3225,296,-7,55
14:17:51,2725,2625,3225,313,-7,55
14:17:51,2700,2625,3200,313,-6,55
14:17:51,2700,2600,3250,261,-7,55
14:17:52,2775,2575,3250,380,-7,55
14:17:52,2750,2625,3250,380,-7,55
14:17:52,2725,2650,3175,527,-7,55
14:17:52,2700,2550,3275,261,-7,55
14:17:53,2750,2625,3225,225,-7,55
14:17:53,2700,2625,3225,544,-7,55
14:17:53,2750,2625,3250,511,-7,55
14:17:53,2675,2600,3225,628,-7,55
14:17:54,2700,2625,3250,413,-7,55
14:17:54,2725,2625,3225,577,-7,55
14:17:54,2700,2625,3225,594,-7,55
14:17:55,2750,2625,3225,527,-7,55
14:17:55,2700,2525,3225,577,-7,55
14:17:55,2725,2600,3200,462,-6,55
14:17:55,2700,2575,3200,560,-7,55
14:17:56,2675,2625,3225,544,-7,55
14:17:56,2750,2625,3225,511,-7,55
14:17:56,2700,2600,3250,577,-6,55
14:17:56,2700,2650,3225,261,-7,55
14:17:57,2725,2600,3275,611,-6,55
14:17:57,2700,2625,3275,396,-7,55
14:17:57,2725,2600,3225,594,-7,55
14:17:58,2700,2600,3225,225,-7,55
14:17:58,2700,2625,3225,544,-7,55
14:17:58,2725,2600,3225,560,-7,55
14:17:58,2725,2625,3250,413,-6,55
14:17:59,2725,2650,3250,560,-6,55
14:17:59,2725,2600,3250,611,-6,55
14:17:59,2700,2625,3250,225,-7,55
14:18:00,2725,2625,3250,380,-7,55
14:18:00,2675,2575,3225,396,-7,55
14:18:00,2725,2625,3225,296,-7,55
14:18:00,2675,2575,3250,560,-7,55
14:18:01,2675,2625,3200,544,-7,55
14:18:01,2725,2550,3225,380,-7,55
14:18:01,2725,2625,3200,577,-7,55
14:18:02,2725,2625,3225,544,-7,55
14:18:02,2675,2625,3250,347,-7,55
14:18:02,2700,2625,3225,594,-6,55
14:18:02,2700,2625,3250,225,-7,55
14:18:03,2725,2600,3150,560,-6,55
14:18:03,2750,2625,3250,527,-7,55
14:18:03,2700,2550,3200,330,-6,55
14:18:04,2725,2600,3175,261,-6,55
14:18:04,2700,2575,3200,225,-7,55
14:18:04,2725,2625,3225,296,-7,55
14:18:04,2650,2625,3200,594,-7,55
14:18:05,2700,2625,3225,225,-7,55
14:18:05,2700,2575,3250,413,-7,55
14:18:05,2675,2600,3225,611,-7,55
14:18:05,2700,2625,3225,330,-7,55
14:18:06,2700,2550,3250,611,-7,55
14:18:06,2750,2600,3175,225,-6,55
14:18:06,2750,2650,3250,611,-6,55
14:18:07,2750,2625,3200,243,-7,55
14:18:07,2750,2600,3250,462,-7,55
14:18:07,2675,2625,3250,527,-7,55
14:18:07,2700,2625,3225,261,-7,56
14:18:08,2700,2600,3200,611,-7,56
14:18:08,2750,2575,3225,278,-7,56
14:18:08,2725,2600,3200,225,-7,56
14:18:09,2700,2625,3225,243,-7,56
14:18:09,2700,2575,3200,363,-6,56
14:18:09,2725,2575,3200,462,-6,56
14:18:09,2750,2625,3250,243,-7,56
14:18:10,2675,2575,3200,527,-7,56
14:18:10,2725,2525,3275,577,-7,56
14:18:10,2750,2625,3200,511,-7,56
14:18:10,2725,2625,3250,413,-6,57
14:18:11,2675,2575,3250,478,-7,57
14:18:11,2725,2575,3225,511,-6,57
14:18:11,2725,2600,3200,330,-7,57
14:18:12,2750,2625,3225,261,-7,57
14:18:12,2725,2625,3200,527,-7,57
14:18:12,2675,2600,3225,347,-6,57
14:18:12,2725,2650,3250,396,-6,57
14:18:13,2700,2625,3250,462,-7,57
14:18:13,2700,2625,3225,544,-6,57
14:18:13,2700,2600,3250,594,-7,58
14:18:13,2750,2625,3175,494,-7,58
14:18:14,2725,2575,3225,261,-7,58
14:18:14,2725,2600,3250,278,-7,58
14:18:14,2700,2600,3225,594,-7,58
14:18:15,2750,2575,3200,445,-7,58
14:18:15,2700,2575,3225,225,-7,59
14:18:15,2675,2625,3250,313,-7,59
14:18:15,2700,2600,3250,225,-7,59
14:18:16,2725,2575,3200,243,-6,59
14:18:16,2725,2575,3225,611,-6,59
14:18:16,2675,2625,3175,544,-7,60
14:18:17,2725,2625,3200,207,-7,60
14:18:17,2750,2550,3200,347,-7,60
14:18:17,2750,2625,3225,594,-6,61
14:18:17,2725,2625,3200,527,-7,61
14:18:18,2675,2625,3225,225,-6,61
14:18:18,2650,2625,3225,296,-7,61
14:18:18,2700,2600,3225,207,-7,61
14:18:19,2750,2625,3150,225,-7,61
14:18:19,2700,2600,3200,478,-7,61
14:18:19,2700,2600,3225,560,-7,61
14:18:19,2725,2550,3200,594,-7,61
14:18:20,2725,2575,3175,594,-7,62
14:18:20,2750,2625,3250,313,-7,62
14:18:20,2650,2625,3200,544,-7,62
14:18:21,2675,2625,3200,445,-7,62
14:18:21,2725,2625,3250,225,-7,62
14:18:21,2725,2600,3200,462,-7,62
14:18:21,2725,2575,3225,330,-7,62
14:18:22,2725,2625,3250,511,-7,62
14:18:22,2675,2625,3200,413,-6,62
14:18:22,2700,2575,3200,494,-7,62
14:18:23,2750,2625,3200,225,-6,62
14:18:23,2725,2625,3250,594,-7,62
14:18:23,2650,2625,3250,243,-6,62
14:18:23,2700,2625,3225,577,-7,62
14:18:24,2675,2625,3200,511,-7,62
14:18:24,2700,2600,3250,462,-7,62
14:18:24,2700,2575,3250,594,-6,62
14:18:24,2700,2600,3225,225,-6,62
14:18:25,2675,2600,3250,207,-6,62
14:18:25,2675,2600,3250,207,-6,62
14:18:25,2700,2600,3225,225,-7,62
14:18:26,2700,2600,3225,225,-7,62
14:18:26,2700,2625,3250,243,-7,62
14:18:26,2700,2550,3200,594,-7,62
14:18:26,2725,2625,3250,413,-7,62
14:18:27,2700,2575,3200,207,-7,62
14:18:27,2700,2575,3225,462,-7,62
14:18:27,2750,2575,3175,243,-7,62
14:18:27,2700,2575,3225,207,-7,63
14:18:28,2725,2625,3225,261,-7,63
14:18:28,2725,2600,3200,207,-7,63
14:18:28,2700,2625,3200,347,-7,63
14:18:29,2700,2600,3250,207,-7,63
14:18:29,2675,2625,3225,225,-7,63
14:18:29,2675,2600,3200,207,-7,63
14:18:29,2675,2600,3200,445,-7,64
14:18:30,2650,2600,3250,560,-7,64
14:18:30,2700,2600,3200,380,-7,64
14:18:30,2675,2625,3250,396,-7,64
14:18:31,2725,2575,3225,560,-7,64
14:18:31,2675,2600,3250,527,-7,64
14:18:31,2700,2625,3200,207,-7,65
14:18:31,2650,2575,3175,243,-7,65
14:18:32,2700,2575,3225,544,-7,65
14:18:32,2650,2600,3250,462,-7,65
14:18:32,2725,2600,3200,494,-6,66
14:18:32,2650,2650,3175,225,-7,66
14:18:33,2725,2575,3225,278,-7,66
14:18:33,2725,2575,3250,380,-7,67
14:18:33,2725,2600,3250,577,-7,67
14:18:34,2750,2625,3250,577,-7,67
14:18:34,2675,2625,3150,207,-7,67
14:18:34,2700,2600,3200,544,-7,67
14:18:34,2725,2600,3250,445,-7,67
14:18:35,2700,2600,3250,462,-7,67
14:18:35,2675,2600,3250,347,-7,68
14:18:35,2700,2600,3250,207,-7,68
14:18:36,2700,2575,3225,413,-6,68
14:18:36,2700,2625,3200,188,-6,68
14:18:36,2725,2650,3225,544,-7,68
14:18:36,2675,2600,3250,347,-7,68
14:18:37,2675,2600,3250,560,-7,68
14:18:37,2700,2600,3250,278,-7,68
14:18:37,2675,2600,3200,261,-7,68
14:18:38,2700,2575,3200,445,-6,68
14:18:38,2725,2575,3250,560,-7,68
14:18:38,2675,2625,3225,462,-7,68
14:18:38,2625,2600,3200,462,-7,68
14:18:39,2700,2625,3200,429,-7,68
14:18:39,2725,2600,3250,347,-7,68
14:18:39,2725,2600,3250,296,-7,68
14:18:40,2675,2600,3250,347,-7,68
14:18:40,2675,2600,3200,225,-7,68
14:18:40,2700,2575,3200,511,-6,68
14:18:40,2650,2625,3250,380,-7,68
14:18:41,2700,2625,3200,278,-7,68
14:18:41,2725,2550,3175,544,-7,68
14:18:41,2675,2600,3225,544,-7,69
14:18:41,2725,2550,3250,478,-7,69
14:18:42,2725,2575,3200,511,-7,69
14:18:42,2675,2600,3225,544,-7,69
14:18:42,2700,2600,3225,313,-7,70
14:18:43,2725,2625,3250,261,-7,70
14:18:43,2675,2600,3225,527,-7,70
14:18:43,2700,2575,3200,577,-7,70
14:18:43,2725,2625,3250,296,-7,70
14:18:44,2700,2575,3250,494,-7,70
14:18:44,2650,2575,3225,646,-7,70
14:18:44,2700,2575,3200,527,-7,70
14:18:44,2675,2600,3200,577,-7,70
14:18:45,2700,2550,3275,594,-7,70
14:18:45,2700,2600,3250,700,-7,70
14:18:45,2700,2550,3250,396,-7,70
14:18:45,2725,2625,3225,511,-7,70
14:18:46,2700,2625,3225,429,-7,70
14:18:46,2650,2575,3225,560,-7,70
14:18:46,2700,2625,3250,664,-7,70
14:18:46,2700,2600,3225,628,-6,70
14:18:47,2700,2625,3200,396,-7,70
14:18:47,2725,2600,3225,628,-7,70
14:18:47,2650,2600,3200,560,-7,70
14:18:48,2700,2525,3200,700,-7,70
14:18:48,2700,2575,3225,560,-6,70
14:18:48,2700,2575,3200,511,-7,70
14:18:48,2650,2625,3200,664,-7,70
14:18:49,2725,2550,3200,413,-7,70
14:18:49,2700,2575,3200,445,-7,70
14:18:49,2675,2625,3150,380,-7,70
14:18:50,2700,2550,3250,718,-7,70
14:18:50,2650,2575,3225,462,-7,70
14:18:50,2700,2575,3150,527,-7,70
14:18:50,2675,2600,3200,527,-7,70
14:18:51,2700,2600,3225,594,-7,70
14:18:51,2675,2600,3200,462,-7,70
14:18:51,2700,2600,3175,664,-7,70
14:18:52,2675,2575,3225,700,-7,70
14:18:52,2725,2575,3225,478,-7,70
14:18:52,2700,2600,3200,756,-7,70
14:18:52,2700,2575,3225,527,-7,70
14:18:53,2700,2575,3225,429,-7,70
14:18:53,2700,2625,3225,646,-7,70
14:18:53,2725,2600,3225,445,-7,70
14:18:54,2650,2550,3200,494,-7,70
14:18:54,2700,2550,3250,511,-6,71
14:18:54,2725,2650,3250,494,-7,71
14:18:54,2675,2575,3200,664,-7,71
14:18:55,2650,2600,3200,682,-7,71
14:18:55,2700,2575,3225,700,-7,71
14:18:55,2700,2550,3200,560,-7,71
14:18:56,2675,2575,3225,594,-7,71
14:18:56,2700,2575,3150,718,-7,72
14:18:56,2650,2550,3200,544,-7,72
14:18:56,2625,2575,3250,445,-7,72
14:18:57,2700,2625,3200,775,-7,72
14:18:57,2650,2575,3250,611,-7,72
14:18:57,2650,2600,3200,664,-6,72
14:18:58,2725,2625,3225,508,-2,73
14:18:58,2725,2625,3175,577,-7,73
14:18:58,2675,2575,3175,700,-7,73
14:18:58,2725,2600,3225,628,-7,73
14:18:59,2650,2575,3250,511,-7,73
14:18:59,2725,2575,3225,560,-6,73
14:18:59,2625,2575,3225,413,-7,73
14:19:00,2700,2575,3175,775,-7,73
14:19:00,2625,2600,3175,380,-6,73
14:19:00,2675,2600,3225,700,-7,73
14:19:00,2675,2650,3225,527,-7,73
14:19:01,2650,2575,3225,628,-7,74
14:19:01,2675,2525,3225,700,-7,74
14:19:01,2700,2625,3250,718,-7,74
14:19:01,2675,2625,3200,527,-7,74
14:19:02,2700,2625,3150,700,-7,74
14:19:02,2675,2600,3225,700,-7,74
14:19:02,2675,2600,3225,682,-7,74
14:19:02,2700,2600,3250,664,-7,74
14:19:03,2700,2600,3200,380,-6,76
14:19:03,2700,2600,3175,429,-7,76
14:19:03,2700,2600,3200,664,-7,76
14:19:04,2650,2575,3200,700,-7,76
14:19:04,2700,2600,3175,494,-7,76
14:19:04,2675,2600,3225,413,-7,76
14:19:04,2700,2525,3200,646,-6,78
14:19:05,2700,2625,3175,664,-7,78
14:19:05,2700,2575,3175,363,-7,78
14:19:05,2675,2575,3250,396,-7,78
14:19:06,2625,2625,3200,718,-7,78
14:19:06,2696,2575,3175,594,-15,78
14:19:06,2650,2625,3225,560,-7,78
14:19:06,2700,2575,3250,380,-7,78
14:19:07,2650,2550,3225,380,-7,78
14:19:07,2700,2575,3225,577,-7,78
14:19:07,2700,2550,3200,363,-7,78
14:19:08,2700,2525,3200,737,-7,78
14:19:08,2650,2600,3225,380,-7,78
14:19:08,2700,2575,3225,756,-7,78
14:19:08,2700,2600,3250,380,-6,78
14:19:09,2700,2600,3225,363,-7,78
14:19:09,2675,2600,3175,527,-6,78
14:19:09,2600,2600,3200,413,-7,78
14:19:10,2650,2575,3200,577,-7,78
14:19:10,2675,2600,3225,462,-7,78
14:19:10,2675,2600,3200,445,-6,78
14:19:10,2675,2625,3225,380,-7,78
14:19:11,2700,2625,3175,628,-7,79
14:19:11,2625,2575,3250,380,-6,79
14:19:11,2700,2550,3225,737,-7,79
14:19:12,2700,2600,3175,664,-7,79
14:19:12,2675,2600,3150,544,-7,79
14:19:12,2650,2575,3225,527,-7,79
14:19:12,2650,2550,3250,682,-7,79
14:19:13,2650,2575,3175,363,-7,79
14:19:13,2675,2600,3200,756,-7,79
14:19:13,2675,2575,3250,396,-7,79
14:19:14,2675,2625,3200,700,-7,79
14:19:14,2650,2575,3250,413,-7,79
14:19:14,2725,2600,3225,380,-7,79
14:19:14,2650,2600,3250,363,-7,80
14:19:15,2650,2625,3225,577,-7,80
14:19:15,2700,2600,3250,527,-7,80
14:19:15,2700,2600,3225,682,-7,80
14:19:16,2675,2550,3200,413,-7,80
14:19:16,2675,2575,3225,611,-7,80
14:19:16,2700,2625,3250,756,-6,80
14:19:16,2675,2600,3225,396,-6,80
14:19:17,2625,2550,3250,413,-7,80
14:19:17,2700,2600,3250,628,-7,80
14:19:17,2675,2575,3250,363,-7,80
14:19:17,2675,2575,3250,396,-7,80
14:19:18,2625,2575,3250,594,-7,80
14:19:18,2675,2575,3250,429,-7,80
14:19:18,2700,2575,3250,380,-7,80
14:19:18,2650,2575,3225,396,-7,80
14:19:19,2650,2575,3250,700,-7,81
14:19:19,2625,2575,3225,700,-7,81
14:19:19,2650,2600,3225,544,-7,81
14:19:19,2675,2600,3225,594,-7,81
14:19:20,2675,2550,3250,445,-7,81
14:19:20,2675,2600,3225,646,-7,81
14:19:20,2700,2600,3225,544,-7,81
14:19:21,2675,2600,3250,628,-7,81
14:19:21,2650,2550,3200,577,-7,81
14:19:21,2700,2600,3225,527,-7,81
14:19:21,2675,2575,3225,478,-7,81
14:19:22,2675,2525,3225,544,-7,81
14:19:22,2625,2600,3200,737,-7,81
14:19:22,2725,2625,3200,347,-7,81
14:19:23,2700,2550,3250,380,-7,81
14:19:23,2650,2550,3225,445,-7,81
14:19:23,2675,2525,3225,527,-7,81
14:19:23,2650,2600,3225,429,-7,81
14:19:24,2650,2600,3250,347,-7,81
14:19:24,2700,2575,3175,611,-7,81
14:19:24,2675,2575,3250,380,-7,81
14:19:25,2700,2600,3225,628,-7,81
14:19:25,2675,2550,3175,413,-7,81
14:19:25,2625,2575,3225,413,-7,82
14:19:25,2675,2600,3200,347,-7,82
14:19:26,2675,2625,3175,478,-7,82
14:19:26,2675,2550,3175,413,-7,82
14:19:26,2650,2600,3225,347,-7,82
14:19:26,2675,2550,3225,700,-6,82
14:19:27,2650,2600,3275,718,-7,82
14:19:27,2700,2575,3250,429,-7,82
14:19:27,2650,2600,3200,363,-7,82
14:19:28,2650,2625,3175,380,-7,82
14:19:28,2675,2600,3175,682,-7,82
14:19:28,2600,2625,3200,462,-7,82
14:19:28,2675,2550,3250,363,-7,84
14:19:29,2650,2600,3250,560,-7,84
14:19:29,2625,2550,3250,560,-7,84
14:19:29,2650,2575,3200,347,-6,84
14:19:30,2674,2600,3200,611,-8,84
14:19:30,2625,2550,3200,380,-7,84
14:19:30,2675,2575,3200,445,-6,84
14:19:30,2700,2650,3225,347,-7,84
14:19:31,2650,2600,3175,700,-7,84
14:19:31,2700,2600,3250,560,-7,85
14:19:31,2675,2575,3175,330,-7,85
14:19:32,2675,2625,3225,380,-7,85
14:19:32,2650,2575,3225,594,-7,85
14:19:32,2625,2525,3250,718,-6,85
14:19:32,2600,2550,3225,544,-7,85
14:19:33,2650,2550,3200,718,-7,85
14:19:33,2650,2600,3225,718,-7,85
14:19:33,2675,2550,3225,611,-7,86
14:19:34,2625,2550,3250,611,-7,86
14:19:34,2650,2550,3175,664,-7,86
14:19:34,2700,2625,3200,611,-7,86
14:19:34,2600,2600,3225,380,-7,86
14:19:35,2625,2550,3250,628,-7,86
14:19:35,2700,2600,3250,718,-6,87
14:19:35,2675,2575,3225,511,-7,87
14:19:35,2625,2600,3250,347,-7,87
14:19:36,2675,2600,3225,396,-7,87
14:19:36,2625,2600,3200,628,-7,87
14:19:36,2650,2550,3225,700,-7,88
14:19:37,2650,2575,3225,718,-7,89
14:19:37,2625,2575,3225,445,-7,89
14:19:37,2650,2575,3225,462,-7,90
14:19:37,2625,2575,3250,330,-7,91
14:19:38,2650,2500,3250,527,-7,91
14:19:38,2625,2575,3200,462,-7,91
14:19:38,2700,2550,3200,380,-7,91
14:19:39,2700,2575,3225,646,-7,91
14:19:39,2700,2500,3225,577,-7,91
14:19:39,2675,2600,3225,577,-7,91
14:19:39,2700,2575,3225,611,-7,91
14:19:40,2650,2575,3200,718,-7,91
14:19:40,2675,2550,3250,330,-7,91
14:19:40,2675,2600,3175,577,-7,91
14:19:40,2675,2575,3225,429,-7,91
14:19:41,2675,2625,3175,347,-7,91
14:19:41,2625,2600,3200,347,-7,91
14:19:41,2625,2525,3200,380,-7,91
14:19:42,2650,2600,3225,462,-7,91
14:19:42,2675,2550,3200,347,-7,91
14:19:42,2675,2625,3200,330,-7,91
14:19:42,2700,2550,3200,664,-7,91
14:19:43,2650,2575,3225,380,-6,91
14:19:43,2650,2600,3175,330,-7,91
14:19:43,2650,2600,3200,560,-7,91
14:19:44,2625,2575,3200,646,-7,91
14:19:44,2675,2600,3200,594,-7,91
14:19:44,2675,2550,3225,718,-7,91
14:19:44,2675,2625,3250,347,-7,91
14:19:45,2675,2575,3225,330,-7,91
14:19:45,2575,2575,3250,577,-6,91
14:19:45,2675,2575,3225,330,-7,92
14:19:46,2650,2550,3250,330,-7,92
14:19:46,2625,2625,3200,445,-7,92
14:19:46,2675,2575,3175,664,-7,92
14:19:46,2650,2600,3250,682,-7,92
14:19:47,2650,2600,3225,462,-7,92
14:19:47,2700,2575,3250,560,-7,93
14:19:47,2675,2525,3225,511,-6,93
14:19:48,2700,2500,3225,560,-7,93
14:19:48,2675,2500,3200,363,-6,93
14:19:48,2675,2525,3200,313,-7,93
14:19:48,2600,2600,3175,462,-7,94
14:19:49,2625,2625,3225,478,-7,94
14:19:49,2650,2600,3225,429,-7,94
14:19:49,2625,2625,3225,527,-7,94
14:19:50,2675,2625,3225,646,-7,94
14:19:50,2600,2625,3250,577,-6,94
14:19:50,2675,2525,3225,628,-6,94
14:19:50,2675,2500,3225,313,-7,94
14:19:51,2675,2600,3225,429,-6,94
14:19:51,2675,2525,3225,478,-7,94
14:19:51,2700,2600,3200,396,-7,94
14:19:52,2700,2550,3225,682,-7,94
14:19:52,2675,2575,3200,611,-7,94
14:19:52,2650,2575,3175,494,-6,94
14:19:52,2675,2550,3200,594,-7,94
14:19:52,2625,2600,3175,494,-7,94
14:19:53,2675,2550,3225,313,-7,94
14:19:53,2625,2575,3225,682,-7,94
14:19:53,2600,2550,3225,664,-6,94
14:19:54,2700,2575,3225,511,-6,94
14:19:54,2625,2575,3175,347,-7,94
14:19:54,2675,2550,3200,611,-7,94
14:19:54,2650,2600,3225,462,-7,94
14:19:55,2650,2575,3225,313,-6,94
14:19:55,2625,2575,3217,544,-7,94
14:19:55,2675,2550,3200,664,-7,95
14:19:56,2675,2550,3225,347,-7,95
14:19:56,2575,2575,3250,478,-7,95
14:19:56,2650,2575,3200,611,-7,95
14:19:56,2675,2550,3225,527,-7,95
14:19:57,2675,2575,3200,577,-7,95
14:19:57,2625,2550,3225,646,-7,95
14:19:57,2625,2575,3200,628,-7,95
14:19:57,2675,2550,3200,429,-7,95
14:19:58,2675,2550,3225,527,-7,95
14:19:58,2625,2625,3200,445,-7,95
14:19:58,2650,2550,3225,313,-7,95
14:19:59,2575,2575,3225,682,-7,95
14:19:59,2675,2575,3225,429,-7,95
14:19:59,2675,2575,3175,664,-7,95
14:19:59,2650,2525,3225,511,-7,96
14:20:00,2675,2600,3225,363,-7,96
14:20:00,2675,2550,3200,560,-7,96
14:20:00,2600,2575,3200,511,-7,96
14:20:01,2625,2575,3225,560,-7,96
14:20:01,2650,2525,3175,347,-7,96
14:20:01,2650,2575,3225,429,-7,96
14:20:01,2650,2575,3175,347,-7,96
14:20:02,2650,2575,3225,363,-7,96
14:20:02,2625,2500,3225,380,-7,96
14:20:02,2675,2550,3225,478,-7,96
14:20:03,2675,2575,3250,413,-7,96
14:20:03,2675,2550,3225,445,-7,96
14:20:03,2675,2600,3225,577,-7,96
14:20:03,2675,2600,3225,560,-7,96
14:20:04,2625,2575,3200,330,-7,96
14:20:04,2650,2550,3150,527,-7,96
14:20:04,2675,2575,3225,330,-7,96
14:20:04,2675,2550,3225,347,-7,96
14:20:05,2600,2575,3225,429,-7,96
14:20:05,2625,2550,3225,577,-7,96
14:20:05,2650,2550,3200,429,-7,96
14:20:06,2650,2500,3225,296,-7,96
14:20:06,2650,2550,3225,413,-6,97
14:20:06,2650,2575,3225,527,-7,97
14:20:07,2625,2550,3225,429,-7,97
14:20:07,2575,2550,3250,611,-7,98
14:20:07,2650,2575,3200,527,-7,98
14:20:07,2650,2550,3225,296,-7,98
14:20:08,2675,2575,3225,296,-7,98
14:20:08,2625,2575,3200,511,-6,98
14:20:08,2650,2575,3200,330,-7,98
14:20:08,2650,2550,3225,429,-6,98
14:20:09,2600,2550,3225,313,-7,98
14:20:09,2625,2575,3225,380,-7,98
14:20:09,2625,2550,3225,330,-7,98
14:20:09,2650,2550,3225,330,-7,98
14:20:10,2650,2525,3225,594,-7,98
14:20:10,2575,2550,3175,646,-7,98
14:20:10,2675,2575,3225,611,-7,98
14:20:11,2650,2550,3225,594,-7,98
14:20:11,2625,2550,3225,511,-7,98
14:20:11,2650,2550,3225,296,-7,98
14:20:11,2675,2575,3225,628,-7,98
14:20:12,2575,2550,3175,628,-7,98
14:20:12,2675,2600,3225,296,-7,98
14:20:12,2675,2600,3200,296,-7,98
14:20:12,2650,2550,3200,296,-7,98
14:20:13,2650,2575,3200,577,-7,98
14:20:13,2600,2575,3225,478,-7,98
14:20:13,2625,2600,3225,413,-7,98
14:20:14,2675,2550,3125,429,-7,98
14:20:14,2600,2550,3125,429,-7,98
14:20:14,2625,2600,3225,594,-7,98
14:20:14,2600,2550,3225,628,-7,98
14:20:15,2625,2600,3225,396,-7,98
14:20:15,2675,2575,3175,296,-7,98
14:20:15,2625,2550,3150,363,-7,98
14:20:16,2600,2600,3225,646,-7,98
14:20:16,2675,2550,3250,363,-6,98
14:20:16,2650,2575,3175,413,-7,98
14:20:16,2600,2575,3200,278,-7,98
14:20:17,2625,2600,3225,611,-7,98
14:20:17,2650,2575,3225,560,-7,98
14:20:17,2675,2600,3125,646,-7,98
14:20:18,2600,2600,3200,594,-7,98
14:20:18,2650,2575,3225,278,-6,99
14:20:18,2600,2525,3225,445,-6,99
14:20:19,2600,2575,3250,494,-7,99
14:20:19,2675,2550,3225,511,-7,99
14:20:19,2675,2500,3200,278,-7,99
14:20:19,2625,2625,3225,646,-7,99
14:20:20,2575,2550,3175,313,-7,99
14:20:20,2625,2550,3225,664,-7,99
14:20:20,2650,2550,3200,347,-7,99
14:20:21,2675,2550,3200,478,-7,99
14:20:21,2650,2625,3200,544,-7,99
14:20:21,2625,2550,3225,380,-7,99
14:20:21,2675,2525,3225,628,-7,100
14:20:22,2625,2550,3225,278,-7,100
14:20:22,2650,2550,3225,380,-6,100
14:20:22,2600,2525,3175,527,-7,100
14:20:22,2625,2600,3225,628,-7,100
14:20:23,2675,2575,3225,611,-7,100
14:20:23,2675,2550,3225,544,-6,100
14:20:23,2600,2575,3225,628,-7,101
14:20:24,2600,2600,3175,278,-7,101
14:20:24,2650,2525,3225,363,-7,102
14:20:24,2625,2550,3175,363,-7,102
14:20:24,2625,2575,3225,577,-7,102
14:20:25,2650,2575,3225,462,-7,102
14:20:25,2650,2525,3225,363,-7,102
14:20:25,2625,2575,3225,296,-6,102
14:20:26,2625,2575,3175,544,-6,102
14:20:26,2600,2600,3225,380,-7,102
14:20:26,2600,2575,3225,296,-7,102
14:20:26,2625,2575,3225,577,-7,102
14:20:26,2600,2600,3150,363,-6,102
14:20:27,2650,2550,3200,396,-7,102
14:20:27,2625,2575,3225,429,-7,102
14:20:27,2650,2575,3225,396,-7,102
14:20:28,2625,2550,3225,380,-7,102
14:20:28,2650,2600,3225,313,-7,102
14:20:28,2625,2575,3175,462,-6,102
14:20:28,2600,2575,3200,511,-7,102
14:20:29,2600,2550,3225,478,-7,102
14:20:29,2625,2525,3225,278,-7,102
14:20:29,2650,2525,3175,494,-7,102
14:20:30,2625,2600,3225,278,-7,102
14:20:30,2675,2575,3200,396,-7,102
14:20:30,2575,2600,3225,494,-6,103
14:20:30,2600,2550,3225,330,-7,103
14:20:31,2625,2575,3225,494,-6,103
14:20:31,2650,2625,3225,296,-7,103
14:20:31,2650,2500,3225,396,-7,103
14:20:32,2650,2575,3200,611,-6,104
14:20:32,2650,2500,3200,278,-7,104
14:20:32,2650,2525,3225,363,-7,104
14:20:32,2600,2550,3150,330,-7,104
14:20:33,2650,2525,3200,261,-6,104
14:20:33,2650,2575,3200,396,-6,104
14:20:33,2650,2500,3225,278,-7,104
14:20:34,2625,2575,3225,577,-7,104
14:20:34,2625,2575,3225,511,-7,104
14:20:34,2650,2600,3225,577,-7,104
14:20:34,2600,2550,3175,544,-7,104
14:20:35,2600,2525,3175,380,-7,104
14:20:35,2650,2600,3175,494,-7,104
14:20:35,2650,2550,3175,278,-7,104
14:20:36,2650,2550,3200,347,-7,104
14:20:36,2650,2525,3200,261,-7,104
14:20:36,2675,2550,3200,445,-7,104
14:20:36,2650,2525,3175,243,-528,104
14:20:37,2650,2575,3150,363,-879,105
14:20:37,2650,2600,3225,243,-892,105
14:20:37,2650,2525,3200,511,-885,105
14:20:38,2650,2575,3225,261,-893,105
14:20:38,2675,2525,3200,527,-896,105
14:20:38,2650,2550,3200,347,-881,105
14:20:38,2650,2525,3175,261,-688,105
14:20:39,2675,2575,3200,413,83,105
14:20:39,2650,2550,3200,413,47,105
14:20:39,2650,2575,3175,413,25,105
14:20:39,2550,2575,3175,594,18,105
14:20:40,2625,2575,3200,544,12,105
14:20:40,2625,2575,3200,296,8,105
14:20:40,2650,2600,3175,611,-219,105
14:20:41,2650,2600,3200,628,-495,105
14:20:41,2600,2550,3175,560,-497,105
14:20:41,2625,2550,3175,413,-437,105
14:20:41,2575,2600,3225,296,85,105
14:20:42,2675,2600,3225,611,40,105
14:20:42,2625,2525,3225,330,26,105
14:20:42,2650,2550,3200,527,18,105
14:20:43,2650,2550,3200,261,13,105
14:20:43,2625,2575,3225,577,9,105
14:20:43,2650,2575,3200,628,5,105
14:20:43,2600,2575,3175,544,3,105
14:20:44,2650,2500,3225,611,1,105
14:20:44,2625,2575,3225,478,0,105
14:20:44,2650,2575,3200,527,0,105
14:20:44,2600,2575,3225,243,-400,105
14:20:45,2650,2550,3200,511,-503,105
14:20:45,2650,2600,3225,261,-787,105
14:20:45,2675,2525,3200,577,-852,105
14:20:46,2650,2500,3200,478,-840,105
14:20:46,2650,2550,3225,363,-844,105
14:20:46,2650,2575,3200,243,-857,105
14:20:46,2650,2575,3200,225,-807,105
14:20:47,2650,2575,3200,429,-812,105
14:20:47,2625,2525,3200,544,-858,106
14:20:47,2600,2575,3175,278,-874,106
14:20:48,2575,2575,3225,261,-865,106
14:20:48,2600,2600,3225,243,-851,106
14:20:48,2600,2575,3200,577,-843,106
14:20:48,2600,2550,3175,278,-840,106
14:20:49,2600,2550,3225,445,-823,106
14:20:49,2625,2500,3200,296,-817,107
14:20:49,2575,2550,3200,296,-814,107
14:20:49,2575,2525,3200,380,-831,107
14:20:50,2575,2550,3175,243,-850,107
14:20:50,2650,2550,3225,363,-890,109
14:20:50,2575,2550,3225,544,-905,109
14:20:51,2600,2500,3175,594,-924,109
14:20:51,2575,2575,3217,243,-969,110
14:20:51,2650,2550,3200,594,-968,110
14:20:51,2600,2525,3200,313,-941,110
14:20:52,2575,2525,3200,494,-891,110
14:20:52,2600,2525,3225,243,-881,110
14:20:52,2600,2550,3225,296,-912,110
14:20:53,2625,2550,3175,560,-909,111
14:20:53,2600,2550,3200,278,-908,111
14:20:53,2625,2550,3200,594,-920,111
14:20:53,2600,2575,3225,544,-905,111
14:20:54,2650,2550,3200,225,-893,111
14:20:54,2650,2500,3225,445,-903,111
14:20:54,2600,2525,3225,577,-926,111
14:20:54,2625,2575,3225,243,-919,111
14:20:55,2600,2550,3175,313,-915,111
14:20:55,2650,2550,3200,225,-933,111
14:20:55,2650,2575,3175,511,-910,111
14:20:56,2625,2600,3225,278,-914,111
14:20:56,2650,2525,3200,478,-916,111
14:20:56,2625,2575,3225,560,-948,111
14:20:56,2625,2550,3175,313,-959,111
14:20:57,2650,2525,3175,429,-948,111
14:20:57,2650,2575,3225,478,-933,111
14:20:57,2600,2550,3150,363,-970,114
14:20:58,2650,2575,3200,347,-955,114
14:20:58,2600,2525,3175,511,-943,114
14:20:58,2575,2575,3200,478,-952,114
14:20:58,2625,2525,3200,611,-967,114
14:20:59,2625,2550,3200,462,-968,114
14:20:59,2650,2525,3200,330,-995,114
14:20:59,2625,2525,3200,429,-989,114
14:21:00,2650,2550,3200,511,-966,114
14:21:00,2625,2525,3225,347,-984,114
14:21:00,2625,2525,3200,380,-1004,114
14:21:00,2600,2550,3175,462,-975,114
14:21:01,2625,2550,3200,347,-975,114
14:21:01,2625,2550,3200,225,-951,114
14:21:01,2650,2575,3200,347,-946,114
14:21:01,2600,2550,3200,363,-960,114
14:21:02,2600,2575,3150,363,-951,114
14:21:02,2650,2525,3200,396,-939,114
14:21:02,2625,2575,3200,560,-978,114
14:21:02,2600,2550,3225,494,-963,114
14:21:03,2625,2525,3200,511,-959,114
14:21:03,2650,2600,3200,594,-949,114
14:21:03,2575,2500,3200,413,-958,114
14:21:04,2650,2500,3200,278,-952,114
14:21:04,2600,2525,3175,478,-958,114
14:21:04,2650,2575,3200,445,-948,114
14:21:04,2650,2575,3225,594,-981,114
14:21:05,2525,2600,3200,560,-816,114
14:21:05,2650,2600,3175,363,82,114
14:21:05,2650,2575,3225,594,46,114
14:21:06,2625,2575,3200,396,29,114
14:21:06,2525,2550,3200,413,20,114
14:21:06,2650,2575,3175,396,12,114
14:21:06,2600,2525,3225,225,8,114
14:21:07,2600,2525,3225,330,5,114
14:21:07,2575,2550,3200,243,4,114
14:21:07,2650,2600,3200,445,2,114
14:21:08,2625,2575,3200,478,0,114
14:21:08,2625,2575,3200,313,0,114
14:21:08,2650,2550,3175,413,-1,114
14:21:08,2575,2575,3200,413,-2,114
14:21:09,2625,2575,3200,243,-2,114
14:21:09,2625,2575,3225,296,-3,114
14:21:09,2625,2575,3225,243,-3,114
14:21:10,2650,2500,3250,225,-4,114
14:21:10,2625,2550,3200,462,-4,114
14:21:10,2600,2550,3175,347,-5,114
14:21:10,2650,2550,3225,313,-5,114
14:21:11,2625,2575,3175,380,-5,114
14:21:11,2650,2525,3200,313,-6,114
14:21:11,2575,2525,3200,225,-6,114
14:21:11,2625,2550,3200,544,-6,114
14:21:12,2650,2525,3225,594,-6,114
14:21:12,2600,2550,3175,261,-6,115
14:21:12,2600,2550,3150,225,-6,115
14:21:13,2650,2600,3200,494,-6,115
14:21:13,2650,2575,3200,380,-6,115
14:21:13,2625,2550,3200,278,-7,115
14:21:13,2625,2600,3125,243,-6,115
14:21:14,2650,2500,3200,429,-6,115
14:21:14,2650,2575,3150,560,-6,115
14:21:14,2625,2575,3200,429,-6,115
14:21:15,2625,2550,3200,363,-7,115
14:21:15,2625,2550,3200,363,-6,115
14:21:15,2625,2525,3200,462,-6,115
14:21:15,2625,2550,3200,429,-7,115
14:21:16,2625,2575,3200,511,-7,115
14:21:16,2625,2550,3175,594,-6,115
14:21:16,2575,2525,3225,560,-7,115
14:21:17,2600,2500,3200,577,-7,115
14:21:17,2600,2575,3200,278,-6,115
14:21:17,2625,2500,3175,225,-7,116
14:21:17,2600,2525,3200,494,-7,116
14:21:17,2625,2550,3200,296,-7,116
14:21:18,2625,2500,3200,494,-7,116
14:21:18,2625,2550,3200,413,-7,116
14:21:18,2625,2500,3200,511,-7,116
14:21:19,2600,2550,3225,313,-7,116
14:21:19,2625,2575,3175,594,-7,116
14:21:19,2625,2550,3200,511,-7,116
14:21:19,2625,2550,3150,413,-7,116
14:21:20,2675,2550,3200,243,-7,116
14:21:20,2625,2525,3200,225,-7,116
14:21:20,2675,2575,3200,494,-7,116
14:21:20,2650,2575,3225,396,-7,116
14:21:21,2675,2550,3225,544,-7,116
14:21:21,2675,2525,3175,462,-7,116
14:21:21,2650,2575,3200,462,-7,116
14:21:22,2700,2600,3200,207,-7,116
14:21:22,2675,2550,3200,527,-6,116
14:21:22,2650,2525,3200,225,-7,116
14:21:22,2700,2550,3225,429,-7,116
14:21:23,2700,2500,3200,577,-7,116
14:21:23,2725,2575,3200,429,-7,116
14:21:23,2725,2550,3150,225,-7,116
14:21:24,2750,2525,3200,380,-7,116
14:21:24,2725,2550,3175,396,-7,116
14:21:24,2700,2525,3175,396,-7,116
14:21:24,2750,2550,3200,527,-7,116
14:21:25,2775,2600,3200,527,-7,116
14:21:25,2775,2575,3150,577,-8,116
14:21:25,2775,2550,3175,494,-7,116
14:21:26,2725,2600,3125,594,-7,116
14:21:26,2800,2525,3175,494,-7,116
14:21:26,2775,2550,3200,594,-7,116
14:21:26,2800,2600,3200,478,-7,116
14:21:27,2775,2525,3200,413,-7,116
14:21:27,2825,2550,3200,577,-6,117
14:21:27,2850,2550,3200,494,-7,117
14:21:27,2800,2525,3200,225,-7,117
14:21:28,2850,2550,3200,396,-7,117
14:21:28,2850,2500,3150,462,-7,117
14:21:28,2850,2575,3200,363,-6,117
14:21:29,2850,2500,3200,577,-7,117
14:21:29,2825,2475,3175,462,-7,117
14:21:29,2800,2575,3150,494,-7,117
14:21:30,2875,2525,3175,413,-7,117
14:21:30,2850,2575,3200,560,-7,117
14:21:30,2875,2575,3200,243,-7,117
14:21:30,2925,2575,3100,330,-7,117
14:21:31,2875,2525,3200,413,-7,117
14:21:31,2925,2525,3200,544,-7,117
14:21:31,2900,2525,3175,225,-7,117
14:21:31,2925,2525,3200,243,-7,117
14:21:32,2850,2525,3175,560,-7,117
14:21:32,2950,2525,3150,225,-7,117
14:21:32,2950,2550,3175,396,-7,117
14:21:33,2950,2525,3200,278,-7,117
14:21:33,2875,2525,3150,560,-7,118
14:21:33,2950,2500,3200,330,-7,118
14:21:33,2950,2475,3150,594,-7,118
14:21:34,2950,2550,3200,313,-6,118
14:21:34,2950,2575,3200,577,-7,118
14:21:34,2975,2525,3200,429,-7,119
14:21:34,2950,2525,3200,330,-7,119
14:21:35,2950,2550,3150,413,-7,119
14:21:35,2950,2525,3200,478,-7,119
14:21:35,2950,2525,3175,429,-7,119
14:21:35,2975,2550,3200,313,-7,119
14:21:36,2975,2550,3125,577,-7,119
14:21:36,2975,2500,3200,396,-7,119
14:21:36,2950,2600,3200,278,-7,119
14:21:37,2975,2525,3125,429,-7,119
14:21:37,2950,2575,3175,494,-7,119
14:21:37,2975,2525,3200,445,-7,119
14:21:37,2950,2525,3175,445,-7,119
14:21:38,2950,2600,3200,296,-7,120
14:21:38,3000,2550,3100,261,-7,120
14:21:38,2925,2525,3175,380,-7,120
14:21:39,2925,2600,3200,413,-6,120
14:21:39,2950,2600,3125,296,-7,120
14:21:39,2975,2575,3200,577,-7,120
14:21:39,3000,2575,3200,380,-7,120
14:21:40,3000,2525,3200,494,-7,120
14:21:40,3000,2475,3200,462,-7,120
14:21:40,2950,2575,3200,261,-7,120
14:21:41,2975,2575,3150,243,-7,120
14:21:41,2975,2500,3200,511,-7,120
14:21:41,3000,2525,3175,207,-7,120
